Rank,Player,Team,Bye,POS,ESPN,Sleeper,CBS,NFL,RTSports,Fantrax,AVG,,
1,Ja'Marr Chase,CIN,10,WR1,1,1,1,1,1,1,1,,
2,Bijan Robinson,ATL,5,RB1,2,3,2,2,2,2,2.2,,
3,Saquon Barkley,PHI,9,RB2,3,2,3,4,4,6,3.7,,
4,Jahmyr Gibbs,DET,8,RB3,5,4,4,6,3,3,4.2,,
5,CeeDee Lamb,DAL,10,WR2,6,6,5,3,5,5,5,,
6,Justin Jefferson,MIN,6,WR3,4,5,6,5,6,4,5,,
7,Christian McCaffrey,SF,14,RB4,7,9,8,11,7,7,8.2,,
8,Malik Nabers,NYG,14,WR4,8,11,11,8,8,9,9.2,,
9,Amon-Ra St. Brown,DET,8,WR5,9,7,12,9,10,11,9.7,,
10,Derrick Henry,BAL,7,RB5,12,8,7,10,12,12,10.2,,
11,Ashton Jeanty,LV,8,RB6,11,12,9,13,9,10,10.7,,
12,Puka Nacua,LAR,8,WR6,10,10,15,7,18,8,11.3,,
13,Nico Collins,HOU,6,WR7,13,13,13,16,11,13,13.2,,
14,De'Von Achane,MIA,12,RB7,14,14,16,14,17,15,15,,
15,Brian Thomas Jr.,JAC,8,WR8,17,16,20,12,14,14,15.5,,
16,Josh Jacobs,GB,5,RB8,18,15,10,20,13,20,16,,
17,Drake London,ATL,5,WR9,21,17,23,19,19,16,19.2,,
18,Jonathan Taylor,IND,11,RB9,15,22,21,22,20,19,19.8,,
19,Brock Bowers,LV,8,TE1,20,20,24,17,21,18,20,,
20,Josh Allen,BUF,7,QB1,19,18,14,21,25,24,20.2,,
21,A.J. Brown,PHI,9,WR10,16,19,27,15,24,21,20.3,,
22,Chase Brown,CIN,10,RB10,24,26,19,26,15,17,21.2,,
23,Lamar Jackson,BAL,7,QB2,23,21,17,18,23,27,21.5,,
24,Bucky Irving,TB,9,RB11,22,24,22,24,16,23,21.8,,
25,Kyren Williams,LAR,8,RB12,29,25,18,25,22,26,24.2,,
26,Ladd McConkey,LAC,12,WR11,30,23,28,23,29,22,25.8,,
27,Trey McBride,ARI,8,TE2,25,28,35,27,28,25,28,,
28,James Cook III,BUF,7,RB13,32,29,26,30,27,33,29.5,,
29,Jayden Daniels,WAS,12,QB3,27,32,29,29,32,35,30.7,,
30,Tee Higgins,CIN,10,WR12,26,31,32,33,37,29,31.3,,
31,Tyreek Hill ,,,WR13,31,27,39,36,31,31,32.5,,
32,Joe Burrow,CIN,10,QB4,33,34,25,35,35,38,33.3,,
33,Jaxon Smith-Njigba,SEA,8,WR14,37,30,40,39,33,28,34.5,,
34,Jalen Hurts,PHI,9,QB5,28,33,31,34,43,42,35.2,,
35,Omarion Hampton,LAC,12,RB14,39,39,36,45,26,30,35.8,,
36,Alvin Kamara,NO,11,RB15,38,35,30,46,30,43,37,,
37,George Kittle,SF,14,TE3,36,36,38,38,40,41,38.2,,
38,Breece Hall,NYJ,9,RB16,51,38,43,31,34,36,38.8,,
39,Terry McLaurin,WAS,12,WR15,35,42,45,28,39,47,39.3,,
40,Mike Evans,SF,14,WR16,46,40,37,32,48,37,40,,
41,Garrett Wilson,NYJ,9,WR17,41,37,51,37,44,32,40.3,,
42,Davante Adams,LAR,8,WR18,34,44,34,48,42,40,40.3,,
43,Kenneth Walker III,KC,10,RB17,47,43,33,40,38,45,41,,
44,Marvin Harrison Jr.,ARI,8,WR19,44,41,46,41,45,34,41.8,,
45,TreVeyon Henderson,NE,14,RB18,48,52,41,52,36,39,44.7,,
46,Chuba Hubbard,CAR,14,RB19,40,46,44,56,41,50,46.2,,
47,James Conner,ARI,8,RB20,45,48,42,49,46,54,47.3,,
48,DK Metcalf,PIT,5,WR20,43,45,49,53,54,52,49.3,,
49,Patrick Mahomes II,KC,10,QB6,42,49,47,42,60,58,49.7,,
50,DJ Moore,BUF,7,WR21,55,51,52,44,52,44,49.7,,
51,Courtland Sutton,DEN,12,WR22,58,50,53,57,50,49,52.8,,
52,Sam LaPorta,DET,8,TE4,50,47,58,43,65,56,53.2,,
53,Xavier Worthy,KC,10,WR23,49,57,50,68,57,48,54.8,,
54,D'Andre Swift,CHI,5,RB21,53,66,48,55,47,68,56.2,,
55,DeVonta Smith,PHI,9,WR24,61,54,60,61,59,51,57.7,,
56,Tetairoa McMillan,CAR,14,WR25,59,62,64,70,51,46,58.7,,
57,Jameson Williams,DET,8,WR26,66,63,65,51,63,53,60.2,,
58,David Montgomery,HOU,6,RB22,60,53,57,69,61,63,60.5,,
59,RJ Harvey,DEN,12,RB23,74,64,55,66,49,57,60.8,,
60,Isiah Pacheco,DET,8,RB24,64,56,66,58,55,66,60.8,,
61,Zay Flowers,BAL,7,WR27,54,58,63,73,68,55,61.8,,
62,Baker Mayfield,TB,9,QB7,52,65,54,60,71,73,62.5,,
63,Travis Kelce,KC,10,TE5,56,60,61,59,62,77,62.5,,
64,T.J. Hockenson,MIN,6,TE6,57,59,71,50,74,70,63.5,,
65,Calvin Ridley,TEN,10,WR28,62,72,67,65,56,60,63.7,,
66,Tony Pollard,TEN,10,RB25,63,70,59,79,53,67,65.2,,
67,Aaron Jones Sr.,MIN,6,RB26,70,67,56,77,58,64,65.3,,
68,George Pickens,DAL,10,WR29,69,61,62,76,64,62,65.7,,
69,Travis Hunter,JAC,8,WR30,73,68,82,62,73,61,69.8,,
70,Bo Nix,DEN,12,QB8,67,71,68,64,79,75,70.7,,
71,Rashee Rice,KC,10,WR31,76,55,84,47,80,85,71.2,,
72,Jaylen Waddle,DEN,12,WR32,65,69,80,85,75,59,72.2,,
73,Mark Andrews,BAL,7,TE7,71,73,73,54,94,81,74.3,,
74,Jerry Jeudy,CLE,9,WR33,68,74,70,98,66,71,74.5,,
75,Tyrone Tracy Jr.,NYG,14,RB27,82,86,69,101,67,79,80.7,,
76,Kaleb Johnson,PIT,5,RB28,98,77,79,81,78,74,81.2,,
77,Rome Odunze,CHI,5,WR34,75,79,98,89,82,65,81.3,,
78,Chris Olave,NO,11,WR35,85,75,101,88,76,69,82.3,,
79,Deebo Samuel Sr.,,,WR36,96,78,76,96,86,72,84,,
80,David Njoku,,,TE8,72,81,74,86,98,94,84.2,,
81,Evan Engram,DEN,12,TE9,80,76,99,74,90,89,84.7,,
82,Emeka Egbuka,TB,9,WR37,81,90,78,113,72,83,86.2,,
83,Kyler Murray,MIN,6,QB9,77,93,81,80,99,87,86.2,,
84,Jaylen Warren,PIT,5,RB29,84,96,86,108,69,82,87.5,,
85,Ricky Pearsall,SF,14,WR38,86,95,72,110,70,92,87.5,,
86,Stefon Diggs,,,WR39,88,88,93,95,83,78,87.5,,
87,Tyler Warren,IND,11,TE10,90,82,94,84,91,91,88.7,,
88,Jakobi Meyers,JAC,8,WR40,83,84,90,117,95,76,90.8,,
89,Matthew Golden,GB,5,WR41,79,87,100,116,81,90,92.2,,
90,Cooper Kupp,SEA,8,WR42,91,85,95,112,88,84,92.5,,
91,Jordan Addison,MIN,6,WR43,109,91,103,94,97,80,95.7,,
92,Travis Etienne Jr.,NO,11,RB30,116,92,88,122,87,88,98.8,,
93,Brock Purdy,SF,14,QB10,78,109,89,106,120,98,100,,
94,Dak Prescott,DAL,10,QB11,99,112,77,118,92,105,100.5,,
95,Jordan Mason,MIN,6,RB31,119,102,97,121,77,93,101.5,,
96,Jacory Croskey-Merritt,WAS,12,RB32,87,136,75,144,85,86,102.2,,
97,Cam Skattebo,NYG,14,RB33,101,100,117,100,105,100,103.8,,
98,J.K. Dobbins,DEN,12,RB34,97,103,102,132,89,106,104.8,,
99,Denver Broncos,DST,12,DST1,92,107,106,82,126,118,105.2,,
100,Jared Goff,DET,8,QB12,128,89,96,105,115,101,105.7,,
101,Khalil Shakir,BUF,7,WR44,110,98,119,103,102,102,105.7,,
102,Chris Godwin Jr.,TB,9,WR45,113,106,108,91,112,112,107,,
103,Brandon Aubrey,DAL,10,K1,107,99,104,71,132,130,107.2,,
104,Jauan Jennings,,,WR46,114,110,121,111,106,96,109.7,,
105,Zach Charbonnet,SEA,8,RB35,125,108,91,153,84,99,110,,
106,Tucker Kraft,GB,5,TE11,106,115,114,120,100,108,110.5,,
107,Javonte Williams,DAL,10,RB36,102,113,109,150,93,103,111.7,,
108,Michael Pittman Jr.,PIT,5,WR47,94,117,92,164,110,97,112.3,,
109,Austin Ekeler ,,,RB37,95,119,83,140,96,144,112.8,,
110,Justin Herbert,LAC,12,QB13,93,104,124,125,128,109,113.8,,
111,Rhamondre Stevenson,NE,14,RB38,103,131,111,129,107,104,114.2,,
112,Philadelphia Eagles,DST,9,DST2,133,97,85,93,144,135,114.5,,
113,Colston Loveland,CHI,5,TE12,112,101,132,114,113,122,115.7,,
114,Justin Fields,KC,10,QB14,126,161,116,63,127,107,116.7,,
115,Joe Mixon,,,RB39,145,80,87,72,111,210,117.5,,
116,Keon Coleman,BUF,7,WR48,108,121,113,137,118,111,118,,
117,Baltimore Ravens,DST,7,DST3,105,105,110,124,167,113,120.7,,
118,Quinshon Judkins,CLE,9,RB40,158,83,112,99,123,153,121.3,,
119,Caleb Williams,CHI,5,QB15,111,147,120,115,109,131,122.2,,
120,Brian Robinson Jr.,ATL,5,RB41,168,94,129,107,114,149,126.8,,
121,Josh Downs,IND,11,WR49,132,124,131,142,121,114,127.3,,
122,Nick Chubb,,,RB42,121,116,107,174,104,151,128.8,,
123,Drake Maye,NE,14,QB16,117,129,130,146,136,115,128.8,,
124,Jayden Reed,GB,5,WR50,130,123,137,139,119,126,129,,
125,Dalton Kincaid,BUF,7,TE13,129,114,143,128,140,125,129.8,,
126,Jake Bates,DET,8,K2,100,118,170,102,164,129,130.5,,
127,C.J. Stroud,HOU,6,QB17,123,120,136,136,146,124,130.8,,
128,Cameron Dicker,LAC,12,K3,118,126,158,78,152,169,133.5,,
129,Pittsburgh Steelers,DST,5,DST4,89,122,133,133,159,166,133.7,,
130,Najee Harris,LAC,12,RB43,159,148,139,119,117,128,135,,
131,Tank Bigsby,PHI,9,RB44,134,139,105,209,101,123,135.2,,
132,Kyle Pitts Sr.,ATL,5,TE14,142,111,148,131,141,141,135.7,,
133,Jordan Love,GB,5,QB18,124,141,122,141,149,137,135.7,,
134,Buffalo Bills,DST,7,DST5,155,127,127,90,154,167,136.7,,
135,Braelon Allen,NYJ,9,RB45,152,156,126,191,103,95,137.2,,
136,Jake Ferguson,DAL,10,TE15,137,128,140,159,125,136,137.5,,
137,Darnell Mooney,NYG,14,WR51,140,146,118,183,133,117,139.5,,
138,Houston Texans,DST,6,DST6,104,135,147,148,163,152,141.5,,
139,Jaydon Blue,DAL,10,RB46,157,142,141,155,116,143,142.3,,
140,Dallas Goedert,PHI,9,TE16,127,145,125,145,166,146,142.3,,
141,Minnesota Vikings,DST,6,DST7,122,134,138,152,169,155,145,,
142,Rashid Shaheed,SEA,8,WR52,135,130,161,177,151,119,145.5,,
143,Rachaad White,WAS,12,RB47,151,168,134,149,129,142,145.5,,
144,Chase McLaughlin,TB,9,K4,115,149,159,109,175,168,145.8,,
145,J.J. McCarthy,MIN,6,QB19,136,150,151,158,148,133,146,,
146,Keenan Allen,LAC,12,WR53,120,137,152,222,130,120,146.8,,
147,Brandon Aiyuk,SF,14,WR54,171,143,164,126,139,140,147.2,,
148,Bhayshul Tuten,JAC,8,RB48,148,172,144,165,131,132,148.7,,
149,Christian Kirk,SF,14,WR55,179,158,135,171,153,110,151,,
150,Jayden Higgins,HOU,6,WR56,150,125,166,207,138,121,151.2,,
151,Marvin Mims Jr.,DEN,12,WR57,165,152,168,175,134,116,151.7,,
152,Jonnu Smith,,,TE17,187,140,182,97,147,163,152.7,,
153,Zach Ertz ,,,TE18,156,154,115,163,173,164,154.2,,
154,Trey Benson,ARI,8,RB49,149,157,149,226,124,134,156.5,,
155,Chris Boswell,PIT,5,K5,146,133,201,67,205,194,157.7,,
156,Jerome Ford,WAS,12,RB50,139,162,146,241,108,150,157.7,,
157,Green Bay Packers,DST,5,DST8,161,155,128,161,165,190,160,,
158,Trevor Lawrence,JAC,8,QB20,170,183,150,179,143,138,160.5,,
159,Ollie Gordon II,MIA,12,RB51,172,175,123,236,122,139,161.2,,
160,Hunter Henry,NE,14,TE19,154,171,154,173,158,178,164.7,,
161,San Francisco 49ers,DST,14,DST9,185,169,181,75,203,183,166,,
162,Jake Elliott,PHI,9,K6,141,144,180,135,195,207,167,,
163,Tyler Bass,BUF,7,K7,138,159,156,143,224,187,167.8,,
164,Detroit Lions,DST,8,DST10,131,132,178,156,209,202,168,,
165,Tyler Allgeier,ARI,8,RB52,163,186,173,188,145,160,169.2,,
166,Hollywood Brown,PHI,9,WR58,164,193,211,127,157,170,170.3,,
167,Ka'imi Fairbairn,HOU,6,K8,183,189,198,87,171,199,171.2,,
168,Dylan Sampson,CLE,9,RB53,180,178,157,253,135,127,171.7,,
169,Harrison Butker,KC,10,K9,147,151,184,147,193,208,171.7,,
170,Rashod Bateman,BAL,7,WR59,173,165,145,182,210,158,172.2,,
171,Adam Thielen,,,WR60,178,163,165,202,181,148,172.8,,
172,Ray Davis,BUF,7,RB54,189,192,163,214,137,147,173.7,,
173,Kansas City Chiefs,DST,10,DST11,186,160,177,138,194,188,173.8,,
174,Tua Tagovailoa,ATL,5,QB21,166,204,155,194,161,172,175.3,,
175,Luther Burden III,CHI,5,WR61,213,153,174,210,162,145,176.2,,
176,Xavier Legette,CAR,14,WR62,144,181,203,208,170,157,177.2,,
177,Cam Ward,TEN,10,QB22,175,167,183,169,217,159,178.3,,
178,Cam Little,JAC,8,K10,167,138,197,157,222,200,180.2,,
179,Matthew Stafford,LAR,8,QB23,162,199,169,167,201,185,180.5,,
180,Tyjae Spears,TEN,10,RB55,204,174,172,200,150,203,183.8,,
181,Michael Penix Jr.,ATL,5,QB24,181,185,176,189,190,189,185,,
182,Bryce Young,CAR,14,QB25,191,211,190,195,185,154,187.7,,
183,Wan'Dale Robinson,TEN,10,WR63,169,209,162,249,182,165,189.3,,
184,Tyler Loop,BAL,7,K11,176,166,208,198,212,182,190.3,,
185,Wil Lutz,DEN,12,K12,217,198,210,130,176,221,192,,
186,Isaiah Likely,NYG,14,TE20,202,187,188,160,218,209,194,,
187,Seattle Seahawks,DST,8,DST12,143,190,196,181,253,219,197,,
188,Arizona Cardinals,DST,8,DST13,195,176,217,151,211,234,197.3,,
189,Brenton Strange,JAC,8,TE21,193,191,189,255,180,177,197.5,,
190,Cedric Tillman,CLE,9,WR64,160,188,204,305,183,156,199.3,,
191,Geno Smith,NYJ,9,QB26,203,234,175,206,200,191,201.5,,
192,Romeo Doubs,NE,14,WR65,223,205,206,223,192,173,203.7,,
193,Darren Waller,,,TE22,188,203,199,185,235,216,204.3,,
194,Evan McPherson,CIN,10,K13,198,182,186,186,244,232,204.7,,
195,DeMario Douglas,NE,14,WR66,201,206,194,262,184,184,205.2,,
196,Kareem Hunt,,,RB56,265,180,213,205,160,215,206.3,,
197,Younghoe,Koo,,K14,194,164,195,172,268,272,210.8,,
198,Amari Cooper ,,,WR67,184,196,142,277,236,238,212.2,,
199,Washington Commanders,DST,12,DST14,207,170,202,170,248,277,212.3,,
200,Los Angeles Chargers,DST,12,DST15,264,238,171,154,251,201,213.2,,
201,Dallas Cowboys,DST,10,DST16,205,223,179,166,240,270,213.8,,
202,Will Shipley,PHI,9,RB57,208,208,212,307,179,205,219.8,,
203,Los Angeles Rams,DST,8,DST17,248,222,216,197,214,230,221.2,,
204,New York Giants,DST,14,DST18,197,224,167,187,250,304,221.5,,
205,New York Jets,DST,9,DST19,200,235,191,213,241,261,223.5,,
206,Rico Dowdle,PIT,5,RB58,,212,209,221,142,161,189,,
207,Matt Gay,LV,8,K15,182,,153,180,237,214,193.2,,
208,Jason Sanders,NYG,14,K16,206,250,192,104,,218,194,,
209,Tampa Bay Buccaneers,DST,9,DST20,192,236,,134,264,180,201.2,,
210,Isaac Guerendo,SF,14,RB59,,195,187,199,191,240,202.4,,
211,Pat Freiermuth,PIT,5,TE23,196,213,,176,238,195,203.6,,
212,Aaron Rodgers,,,QB27,190,226,,193,216,193,203.6,,
213,Sam Darnold,SEA,8,QB28,199,231,,201,220,176,205.4,,
214,Chicago Bears,DST,5,DST21,221,,214,83,242,297,211.4,,
215,New England Patriots,DST,14,DST22,153,202,,190,247,269,212.2,,
216,Cade Otton,TB,9,TE24,243,233,,211,189,196,214.4,,
217,Isaac TeSlaa,DET,8,WR68,212,197,,219,177,268,214.6,,
218,Daniel Carlson,LV,8,K17,218,200,,162,254,252,217.2,,
219,Dont'e Thornton Jr.,LV,8,WR69,255,179,,266,187,227,222.8,,
220,Brandon McManus,GB,5,K18,215,,205,204,208,299,226.2,,
221,Raheem Mostert,LV,8,RB60,,239,193,247,232,231,228.4,,
222,Will Reichard,MIN,6,K19,219,221,,196,258,264,231.6,,
223,Quentin Johnston,LAC,12,WR70,,248,200,284,262,179,234.6,,
224,Jake Moody,WAS,12,K20,209,220,,203,260,289,236.2,,
225,Roschon Johnson,CHI,5,RB61,,245,215,301,206,220,237.4,,
226,Tre Harris,LAC,12,WR71,,173,,168,178,162,170.3,,
227,Mike Gesicki,CIN,10,TE25,325,217,,267,263,192,252.8,,
228,Miami Dolphins,DST,12,DST23,231,289,,220,265,265,254,,
229,Kendre Miller,N,11 O,RB62,,295,207,354,233,186,255,,
230,Dalton Schultz,HOU,6,TE26,354,242,,216,252,233,259.4,,
231,Chig Okonkwo,WAS,12,TE27,,177,,217,186,198,194.5,,
232,Joshua Palmer,BUF,7,WR72,,184,,232,188,175,194.8,,
233,Kyle Williams,NE,14,WR73,,194,,229,204,174,200.3,,
234,Tahj Brooks,CIN,10,RB63,,237,185,431,228,255,267.2,,
235,DeAndre Hopkins,BAL,7,WR74,,216,,192,156,259,205.8,,
236,Blake Corum,LAR,8,RB64,,215,,244,197,197,213.3,,
237,Jaylen Wright,MIA,12,RB65,,218,,245,215,181,214.8,,
238,Woody Marks,HOU,6,RB66,,201,,332,168,171,218,,
239,Justice Hill,BAL,7,RB67,,243,,231,174,224,218,,
240,Joe Flacco,CIN,10,QB29,253,327,,261,272,281,278.8,,
241,Cincinnati Bengals,DST,10,DST24,222,,,92,266,315,223.8,,
242,Mason Taylor,NYJ,9,TE28,,210,,271,198,226,226.3,,
243,Ja'Tavion Sanders,CAR,14,TE29,353,270,,275,275,257,286,,
244,Jack Bech,LV,8,WR75,,219,,242,225,225,227.8,,
245,Jaxson Dart,NYG,14,QB30,210,225,,239,,239,228.3,,
246,Cleveland Browns,DST,9,DST25,216,,,123,276,305,230,,
247,Elijah Arroyo,SEA,8,TE30,,214,,272,229,211,231.5,,
248,Alec Pierce,IND,11,WR76,,254,,256,219,206,233.8,,
249,Shedeur Sanders,CLE,9,QB31,211,228,,215,,291,236.3,,
250,Anthony Richardson Sr.,IND,11,QB32,237,257,,230,,229,238.3,,
251,Russell Wilson,,,QB33,238,281,,225,,212,239,,
252,Keaton Mitchell,LAC,12,RB68,,229,,287,196,250,240.5,,
253,DJ Giddens,IND,11,RB69,,241,,316,213,204,243.5,,
254,Elic Ayomanor,TEN,10,WR77,,207,,323,223,222,243.8,,
255,Miles Sanders ,,,RB70,,253,,279,221,223,244,,
256,Tory Horton,SEA,8,WR78,478,230,,325,207,267,301.4,,
257,Kyle Monangai,CHI,5,RB71,,240,,322,155,278,248.8,,
258,Cole Kmet,CHI,5,TE31,226,313,,227,,236,250.5,,
259,Jaylin Noel,HOU,6,WR79,494,262,,342,234,213,309,,
260,Harold Fannin Jr.,CLE,9,TE32,267,298,,432,256,309,312.4,,
261,Jalen Coker,CAR,14,WR80,,227,,337,271,217,263,,
262,Daniel Jones,IND,11,QB34,,329,160,313,,251,263.3,,
263,Indianapolis Colts,DST,11,DST26,174,320,,233,,332,264.8,,
264,Elijah Mitchell,NE,14,RB72,,317,,252,239,253,265.3,,
265,Calvin Austin III,NYG,14,WR81,,268,,282,267,245,265.5,,
266,Noah Gray,KC,10,TE33,232,308,,240,,288,267,,
267,Las Vegas Raiders,DST,8,DST27,225,306,,228,,310,267.3,,
268,Brashard Smith,KC,10,RB73,,264,,373,230,228,273.8,,
269,Trevor Etienne,CAR,14,RB74,,352,,260,199,296,276.8,,
270,Darius Slayton,NYG,14,WR82,,292,,310,261,249,278,,
271,Michael Wilson,ARI,8,WR83,,277,,319,277,246,279.8,,
272,New Orleans Saints,DST,11,DST28,236,309,,248,,335,282,,
273,Justin Tucker,,,K21,214,299,,265,,359,284.3,,
274,Troy Franklin,DEN,12,WR84,,331,,288,245,276,285,,
275,Pat Bryant,DEN,12,WR85,,244,,388,255,258,286.3,,
276,Zack Moss,,,RB75,257,366,,235,,290,287,,
277,Dyami Brown,WAS,12,WR86,,273,,377,274,247,292.8,,
278,Terrance Ferguson,LAR,8,TE34,260,279,,366,,300,301.3,,
279,Atlanta Falcons,DST,5,DST29,234,,,224,,235,231,,
280,Jalen Milroe,SEA,8,QB35,311,310,,308,,293,305.5,,
281,Tyler Conklin,DET,8,TE35,306,361,,263,,294,306,,
282,Jarquez Hunter,LAR,8,RB76,,260,,522,202,244,307,,
283,Roman Wilson,PIT,5,WR87,,297,,357,246,333,308.3,,
284,Tennessee Titans,DST,10,DST30,233,271,,270,,470,311,,
285,Tyler Lockett,LV,8,WR88,,232,,238,,256,242,,
286,Joshua Karty,ARI,8,K22,,,,212,269,260,247,,
287,Dontayvion Wicks,PHI,9,WR89,374,322,,331,,237,316,,
288,Cairo Santos,CHI,5,K23,177,,,218,,348,247.7,,
289,Jalen McMillan,TB,9,WR90,,246,,234,,284,254.7,,
290,Kayshon Boutte,NE,14,WR91,,373,,382,249,307,327.8,,
291,Devin Singletary,NYG,14,RB77,,,,257,231,308,265.3,,
292,Taysom Hill,,,TE36,246,370,,294,,410,330,,
293,Graham Gano,,,K24,230,,,250,,329,269.7,,
294,Andrei Iosivas,CIN,10,WR92,,291,,264,,266,273.7,,
295,Chris Rodriguez Jr.,JAC,8,RB78,,,,365,172,285,274,,
296,Jalen Royals,KC,10,WR93,401,258,,446,,241,336.5,,
297,Dameon Pierce,PHI,9,RB79,,,,285,227,314,275.3,,
298,Luke McCaffrey,WAS,12,WR94,241,,,303,,292,278.7,,
299,Juwan Johnson,NO,11,TE37,,303,,280,,254,279,,
300,Theo Johnson,NYG,14,TE38,,283,,292,,263,279.3,,
301,MarShawn Lloyd,GB,5,RB80,,282,,315,,242,279.7,,
302,Kirk Cousins,LV,8,QB36,229,,,276,,340,281.7,,
303,Jaleel McLaughlin,DEN,12,RB81,,341,,184,,324,283,,
304,Andy Borregales,NE,14,K25,254,,,283,,313,283.3,,
305,Jordan James,SF,14,RB82,457,301,,334,,283,343.8,,
306,Sean Tucker,TB,9,RB83,,,,320,259,275,284.7,,
307,Adonai Mitchell,NYJ,9,WR95,,251,,367,,248,288.7,,
308,Ray-Ray McCloud,III,,WR96,,,,339,243,286,289.3,,
309,Antonio Gibson ,,,RB84,278,,,298,,311,295.7,,
310,Diontae Johnson,,,WR97,,319,,291,,280,296.7,,
311,Dawson Knox,BUF,7,TE39,227,,,246,,424,299,,
312,Tyler Higbee,LAR,8,TE40,,346,,278,,282,302,,
313,Jacksonville Jaguars,DST,8,DST31,,326,,254,,334,304.7,,
314,Ty Johnson,BUF,7,RB85,,,,318,273,326,305.7,,
315,Elijah Moore,PHI,9,WR98,276,,,300,,346,307.3,,
316,Jameis Winston,NYG,14,QB37,269,,,324,,330,307.7,,
317,JuJu Smith-Schuster,,,WR99,259,,,258,,409,308.7,,
318,Carolina Panthers,DST,14,DST32,224,,,289,,415,309.3,,
319,Blake Grupe,IND,11,K26,239,,,237,,458,311.3,,
320,Tyler Shough,NO,11,QB38,,315,,383,,243,313.7,,
321,Tutu Atwell,MIA,12,WR100,,355,,329,,262,315.3,,
322,AJ Dillon,CAR,14,RB86,326,,,314,,306,315.3,,
323,Emanuel Wilson,SEA,8,RB87,,,,355,257,343,318.3,,
324,Noah Fant,NO,11,TE41,,380,,259,,317,318.7,,
325,Zamir White,LV,8,RB88,235,,,352,,374,320.3,,
326,Kenneth Gainwell,TB,9,RB89,,,,274,226,468,322.7,,
327,Tank Dell,HOU,6,WR101,252,,,268,,452,324,,
328,Malik Washington,MIA,12,WR102,,,,387,270,316,324.3,,
329,Marquez Valdes-Scantling,,,WR103,,362,,317,,301,326.7,,
330,KeAndre Lambert-Smith,LAC,12,WR104,282,,,385,,327,331.3,,
331,Spencer Shrader,IND,11,K27,,,218,297,,480,331.7,,
332,Jason Myers,SEA,8,K28,,,,178,,298,238,,
333,Jahan Dotson,ATL,5,WR105,228,,,295,,477,333.3,,
334,Joey Slye,TEN,10,K29,273,,,273,,456,334,,
335,Efton Chism III,NE,14,WR106,247,,,306,,454,335.7,,
336,Michael Mayer,LV,8,TE42,,382,,296,,341,339.7,,
337,Christian Watson,GB,5,WR107,,336,,364,,320,340,,
338,Luke Musgrave,GB,5,TE43,249,,,333,,444,342,,
339,Audric Estime,NO,11,RB90,,377,,356,,295,342.7,,
340,Chad Ryland,ARI,8,K30,433,,,269,,331,344.3,,
341,Tez Johnson,TB,9,WR108,300,,,403,,336,346.3,,
342,Xavier Restrepo,TEN,10,WR109,385,323,,560,,339,401.8,,
343,Olamide Zaccheaus,ATL,5,WR110,342,,,363,,344,349.7,,
344,Hunter Renfrow,,,WR111,290,,,362,,400,350.7,,
345,Will Dissly,,,TE44,329,,,304,,423,352,,
346,Damien Martinez,GB,5,RB91,396,,,395,,271,354,,
347,Dustin Hopkins,,,K31,284,,,290,,491,355,,
348,Jermar Jefferson,,,RB92,220,,,328,,,274,,
349,Darnell Washington,PIT,5,TE45,274,,,286,,510,356.7,,
350,Devin Neal,N,11 O,RB93,,275,,731,,273,426.3,,
351,Darius Cooper,PHI,9,WR112,258,,,411,,406,358.3,,
352,KaVontae Turpin,DAL,10,WR113,,,,243,,312,277.5,,
353,Jalen Tolbert,MIA,12,WR114,,,,281,,279,280,,
354,Grant Calcaterra,PHI,9,TE46,286,,,330,,466,360.7,,
355,Austin Hooper,ATL,5,TE47,292,,,326,,483,367,,
356,John Metchie III,CAR,14,WR115,314,,,378,,414,368.7,,
357,Ryan Fitzgerald,CAR,14,K32,240,,,347,,,293.5,,
358,Joe Milton III,DAL,10,QB39,345,,,335,,429,369.7,,
359,Tre Tucker,LV,8,WR116,,,,302,,287,294.5,,
360,Joshua Dobbs,,,QB40,320,,,370,,435,375,,
361,Jimmy Horn Jr.,CAR,14,WR117,288,,,321,,,304.5,,
362,Odell Beckham Jr.,,,WR118,263,,,348,,,305.5,,
363,Jimmy Garoppolo,LAR,8,QB41,301,,,405,,428,378,,
364,Mitch Tinsley,CIN,10,WR119,297,,,425,,413,378.3,,
365,Ben Sinnott,WAS,12,TE48,,334,,466,,338,379.3,,
366,Nick Westbrook-Ikhine,IND,11,WR120,,,,299,,318,308.5,,
367,Josh Oliver,MIN,6,TE49,291,,,327,,528,382,,
368,J.J. Taylor,,,RB94,245,,,374,,,309.5,,
369,Mason Rudolph,PIT,5,QB42,327,,,361,,453,380.3,,
370,Brock Wright,DET,8,TE50,281,,,340,,,310.5,,
371,Elijah Higgins,ARI,8,TE51,303,,,343,,498,381.3,,
372,Carson Wentz,MIN,6,QB43,293,,,406,,447,382,,
373,Jordan Whittington,LAR,8,WR121,,356,,465,,328,383,,
374,LaJohntay Wester,BAL,7,WR122,355,,,430,,366,383.7,,
375,Brandin Cooks,,,WR123,,,,311,,319,315,,
376,Jake Bobo,SEA,8,WR124,289,,,344,,524,385.7,,
377,Deshaun Watson,CLE,9,QB44,270,,,368,,,319,,
378,Allen Lazard,,,WR125,,,,338,,302,320,,
379,Kenny Pickett,CAR,14,QB45,347,,,380,,438,388.3,,
380,Andre Szmyt,CLE,9,K33,261,,,530,,382,391,,
381,Jalen Nailor,LV,8,WR126,,,,341,,303,322,,
382,Jalin Hyatt,NYG,14,WR127,316,,,420,,433,389.7,,
383,Tanner McKee,PHI,9,QB46,336,,,401,,434,390.3,,
384,Craig Reynolds,,,RB95,318,,,393,,462,391,,
385,Ty Chandler,NO,11,RB96,279,,,379,,522,393.3,,
386,Devaughn Vele,N,11 O,WR128,,,,386,,274,330,,
387,Khalil Herbert,,,RB97,283,,,450,,451,394.7,,
388,Malik Willis,MIA,12,QB47,328,,,397,,460,395,,
389,Gardner Minshew II,ARI,8,QB48,324,,,414,,461,399.7,,
390,Luke Schoonmaker,DAL,10,TE52,305,,,381,,515,400.3,,
391,Oronde Gadsden II,LAC,12,TE53,,333,,539,,347,406.3,,
392,Spencer Rattler,NO,11,QB49,,,,336,,345,340.5,,
393,Mitchell Trubisky,TEN,10,QB50,341,,,437,,427,401.7,,
394,Nick Folk,ATL,5,K34,,,,309,,379,344,,
395,Cooper Rush,,,QB51,344,,,409,,463,405.3,,
396,Mac Jones,SF,14,QB52,371,,,376,,474,407,,
397,Mack Hollins,NE,14,WR129,360,,,360,,503,407.7,,
398,Tyquan Thornton,KC,10,WR130,346,,,398,,481,408.3,,
399,Demarcus Robinson,SF,14,WR131,428,,,358,,439,408.3,,
400,Curtis Samuel,,,WR132,393,,,359,,473,408.3,,
401,Parker Romo,,,K35,351,,,353,,,352,,
402,Harrison Mevis,LAR,8,K36,242,,,467,,,354.5,,
403,Julian Hill,NE,14,TE54,294,,,424,,514,410.7,,
404,Quinn Ewers,MIA,12,QB53,309,,,402,,,355.5,,
405,AJ Barner,SEA,8,TE55,,,,293,,420,356.5,,
406,Adam Trautman,DEN,12,TE56,338,,,375,,,356.5,,
407,Kalif Raymond,CHI,5,WR133,323,,,390,,527,413.3,,
408,Kenny Stills,,,WR134,,330,,,,384,357,,
409,Jude McAtamney,,,K37,296,,,429,,518,414.3,,
410,Jarrett Stidham,DEN,12,QB54,382,,,444,,417,414.3,,
411,Caden Davis,,,K38,277,,,533,,445,418.3,,
412,Equanimeous St. Brown,,,WR135,285,,,439,,,362,,
413,Savion Williams,GB,5,WR136,407,,,802,,321,510,,
414,Skyy Moore,GB,5,WR137,319,,,510,,422,417,,
415,Will Howard,PIT,5,QB55,365,,,384,,504,417.7,,
416,Parker Washington,JAC,8,WR138,,,,419,,322,370.5,,
417,Matthew Wright,,,K39,459,,,351,,455,421.7,,
418,Kyle Allen,BUF,7,QB56,304,,,440,,,372,,
419,Jake Browning,TB,9,QB57,335,,,598,,411,448,,
420,Tyrell Shavers,BUF,7,WR139,372,,,536,,378,428.7,,
421,Samaje Perine,CIN,10,RB98,,,,312,,441,376.5,,
422,Greg Joseph,,,K40,357,,,412,,516,428.3,,
423,Scott Matlock,LAC,12,DT1,244,,,,,,244,,
424,Trevon Grimes,,,WR140,,247,,,,,247,,
425,Daniel Bellinger,TEN,10,TE57,352,,,457,,484,431,,
426,DeWayne McBride,,,RB99,250,,,,,,250,,
427,Matt Barkley,,,QB58,251,,,,,,251,,
428,Kyle Juszczyk,SF,14,RB100,,,,251,,,251,,
429,Raymond Calais,,,RB101,,252,,,,,252,,
430,Bruce Anderson,III,,RB102,,255,,,,,255,,
431,Greg Zuerlein,,,K41,343,,,434,,,388.5,,
432,Ethan Fernea,,,WR141,,256,,,,,256,,
433,Braxton Berrios,,,WR142,256,,,587,,,421.5,,
434,Connor Heyward,LV,8,TE58,380,,,399,,,389.5,,
435,Tim Patrick,,,WR143,476,,,350,,475,433.7,,
436,Matt Bushman,,,TE59,,261,,,,,261,,
437,Kyle McCord,GB,5,QB59,262,,,721,,,491.5,,
438,Drew Lock,SEA,8,QB60,415,,,372,,,393.5,,
439,Dontrell Hilliard,,,RB103,,266,,,,,266,,
440,Mitchell Evans,CAR,14,TE60,266,,,557,,529,450.7,,
441,Binjimen Victor,,,WR144,,267,,,,,267,,
442,Beaux Collins,NYG,14,WR145,268,,,717,,,492.5,,
443,Mason Crosby,,,K42,271,,,,,,271,,
444,Dominic Lovett,DET,8,WR146,363,,,797,,431,530.3,,
445,Jahdae Walker,CHI,5,WR147,272,,,789,,,530.5,,
446,Devontez Walker,BAL,7,WR148,366,,,463,,488,439,,
447,Gunnar Helm,TEN,10,TE61,310,,,561,,485,452,,
448,Matt Colburn,II,,RB104,,274,,,,,274,,
449,Dominique Dafney,,,TE62,275,,,,,,275,,
450,Eddy Pineiro,SF,14,K43,312,,,486,,,399,,
451,Sterling Shepard,,,WR149,449,,,349,,,399,,
452,Frank Gore Jr.,BUF,7,RB105,370,,,428,,,399,,
453,Jeremy McNichols,WAS,12,RB106,,,,391,,408,399.5,,
454,Jamal Custis,,,WR150,,278,,,,,278,,
455,Trevon Clark,,,WR151,,280,,,,,280,,
456,D.J. Montgomery,,,WR152,308,,,494,,,401,,
457,Tommy DeVito,NE,14,QB61,280,,,531,,,405.5,,
458,Ricky White III,SEA,8,WR153,467,,,581,,337,461.7,,
459,Mo Alie-Cox,IND,11,TE63,378,,,438,,512,442.7,,
460,Cam Akers,SEA,8,RB107,431,,,449,,448,442.7,,
461,Kennedy Brooks,,,RB108,,286,,,,,286,,
462,Patrick Ricard,NYG,14,RB109,400,,,408,,,404,,
463,Donovan Edwards,MIA,12,RB110,313,,,537,,495,448.3,,
464,Dalvin Cook,,,RB111,287,,,,,,287,,
465,Myron Mitchell,,,WR154,,288,,,,,288,,
466,Austin Seibert,,,K44,420,,,,,390,405,,
467,Darrell Stewart Jr.,,,WR155,,290,,,,,290,,
468,Riley Patterson,MIA,12,K45,359,,,453,,,406,,
469,Artavis Pierce,,,RB112,,293,,,,,293,,
470,Noah Brown ,,,WR156,,,,369,,446,407.5,,
471,Scotty Miller,,,WR157,404,,,445,,489,446,,
472,Ezekiel Elliott,,,RB113,295,,,,,,295,,
473,John Bates,WAS,12,TE64,298,,,658,,,478,,
474,Darrell Henderson Jr.,,,RB114,299,,,,,,299,,
475,Dion Lewis,,,RB115,,300,,,,,300,,
476,Josh Reynolds,,,WR158,,,,480,,342,411,,
477,Trey Lance,LAC,12,QB62,408,,,416,,,412,,
478,Cam Miller,MIA,12,QB63,302,,,609,,,455.5,,
479,Cade Stover,HOU,6,TE65,332,,,543,,493,456,,
480,C.J.,Ham,,RB116,390,,,436,,,413,,
481,Codey McElroy,,,TE66,,305,,,,,305,,
482,Caleb Scott,,,WR159,,307,,,,,307,,
483,Jermaine Burton,,,WR160,451,383,,541,,517,473,,
484,Ja'Corey Brooks,WAS,12,WR161,307,,,800,,,553.5,,
485,Justin Watson,HOU,6,WR162,421,,,410,,,415.5,,
486,Matt Prater,,,K46,361,,,471,,,416,,
487,Carson Steele,PHI,9,RB117,489,,,345,,,417,,
488,Zane Gonzalez,MIA,12,K47,377,,,479,,500,452,,
489,Stetson Bennett IV,LAR,8,QB64,339,,,521,,497,452.3,,
490,Darrel Williams,,,RB118,,314,,,,,314,,
491,Leonard Fournette,,,RB119,424,,,,,412,418,,
492,Sam Howell,DAL,10,QB65,387,,,677,,450,504.7,,
493,Josh Williams,TB,9,RB120,315,,,746,,,530.5,,
494,Drew Sample,CIN,10,TE67,425,,,413,,,419,,
495,Tyson Bagent,CHI,5,QB66,317,,,529,,,423,,
496,Marcus Martin,,,OL1,,318,,,,,318,,
497,Brandon Allen,NYG,14,QB67,364,,,476,,,420,,
498,Kylen Granson,TEN,10,TE68,389,,,451,,,420,,
499,Chandler Brayboy,JAC,8,WR163,321,,,,,,321,,
500,Jaylin Lane,WAS,12,WR164,384,,,555,,459,466,,
501,Kadarius Toney,,,WR165,392,,,452,,,422,,
502,Corey Kiner,ARI,8,RB121,322,,,639,,,480.5,,
503,Jason Brownlee,KC,10,WR166,447,,,,,398,422.5,,
504,Tai Felton,MIN,6,WR167,,,,524,,323,423.5,,
505,Jamire Jordan,,,WR168,,325,,,,,325,,
506,Gabe Davis,,,WR169,,,,,,325,325,,
507,Chris Brooks,GB,5,RB122,,,,423,,426,424.5,,
508,Lucky Jackson,,,WR170,330,,,540,,,435,,
509,Marcus Mariota,WAS,12,QB68,499,,,435,,440,458,,
510,Teddy Bridgewater,DET,8,QB69,331,,,563,,,447,,
511,Daniel Helm,,,TE69,,332,,,,,332,,
512,Brett Maher,,,K48,333,,,,,,333,,
513,Kirk Merritt,,,WR171,334,,,,,,334,,
514,George Holani,SEA,8,RB123,430,,,427,,,428.5,,
515,Andy Dalton,PHI,9,QB70,453,,,404,,523,460,,
516,Theo Wease Jr.,MIA,12,WR172,337,,,,,,337,,
517,Zach Wilson,NO,11,QB71,367,,,655,,492,504.7,,
518,Michael Badgley,,,K49,340,,,,,,340,,
519,Anders Carlson,,,K50,,,,400,,465,432.5,,
520,Kenjon Barner,,,RB124,,344,,,,,344,,
521,Anthony Jones,,,RB125,,345,,,,,345,,
522,Lenny Krieg,NYJ,9,K51,,,,346,,,346,,
523,Tyler Badie,DEN,12,RB126,362,,,506,,,434,,
524,Tommy Tremble,CAR,14,TE70,397,,,503,,490,463.3,,
525,Bryan Edwards,,,WR173,,347,,,,,347,,
526,Mark McNamee,,,K52,,,,489,,380,434.5,,
527,Tylan Wallace,CLE,9,WR174,473,,,396,,,434.5,,
528,Theo Riddick,,,RB127,,348,,,,,348,,
529,Jordan Travis,,,QB72,348,,,,,,348,,
530,Isaiah Bond,CLE,9,WR175,,,,475,,395,435,,
531,Caleb Lohner,DEN,12,TE71,349,,,896,,,622.5,,
532,Alex Smith,,,QB73,,,,,,350,350,,
533,Earnest Edwards,IV,,WR176,,350,,,,,350,,
534,David Moore,CAR,14,WR177,,,,371,,501,436,,
535,Raheim Sanders,CLE,9,RB128,350,,,632,,,491,,
536,Marshawn Lynch,,,RB129,,,,,,352,352,,
537,Le,,'Veon Bell,,,RB130,,,,,,,354
538,Van Jefferson,WAS,12,WR178,,,,394,,482,438,,
539,Rasheen Ali,BAL,7,RB131,414,,,462,,,438,,
540,Luke Farrell,SF,14,TE72,356,,,648,,,502,,
541,Lamar Miller,,,RB132,,,,,,357,357,,
542,Isaac,Rex,,TE73,,357,,,,,357,,
543,Deuce Vaughn,DEN,12,RB133,470,,,418,,513,467,,
544,Jha,,'Quan Jackson,,,WR179,,,,,,,358
545,T.Y. Hilton,,,WR180,,,,,,361,361,,
546,Jordan Moore,CIN,10,WR181,,,,885,,362,623.5,,
547,George Campbell,,,WR182,,,,,,363,363,,
548,Noah Cain,,,RB134,,363,,,,,363,,
549,Kendall Milton,CIN,10,RB135,,,,759,,364,561.5,,
550,Marcus Major Jr.,,,RB136,,,,786,,365,575.5,,
551,Kazmeir Allen,,,WR183,,,,733,,367,550,,
552,Garrett Greene,TB,9,WR184,,,,,,368,368,,
553,Sione Vaki,DET,8,RB137,426,,,464,,,445,,
554,Charlie Jones,CIN,10,WR185,368,,,693,,,530.5,,
555,Cole Beasley,,,WR186,,,,,,369,369,,
556,Robert Foster,,,WR187,,369,,,,,369,,
557,Nikko Remigio,KC,10,WR188,369,,,532,,,450.5,,
558,Ellis Merriweather,,,RB138,,,,,,370,370,,
559,John FitzPatrick ,,,TE74,439,,,454,,,446.5,,
560,Jalen White,,,RB139,,,,559,,371,465,,
561,John Franklin,III,,WR189,,372,,,,,372,,
562,Robert Woods,,,WR190,,,,389,,505,447,,
563,A.J. Green,,,WR191,,,,,,373,373,,
564,Derius Davis,LAC,12,WR192,373,,,525,,,449,,
565,Kaden Smith,,,TE75,,374,,,,,374,,
566,Ted Ginn Jr.,,,WR193,,,,,,375,375,,
567,Julio Jones,,,WR194,375,,,,,,375,,
568,Devin Gray,,,WR195,,375,,,,,375,,
569,Jeff Badet,,,WR196,,376,,,,,376,,
570,Riley Leonard,IND,11,QB74,376,,,608,,,492,,
571,Avery Williams,,,RB140,,,,641,,376,508.5,,
572,Deon Yelder,,,TE76,,378,,,,,378,,
573,Jalen Guyton,,,WR197,,379,,,,,379,,
574,Anthony Brown Jr.,,,QB75,379,,,,,,379,,
575,Lil'Jordan Humphrey,DEN,12,WR198,460,,,443,,,451.5,,
576,Ben DiNucci,,,QB76,381,,,618,,,499.5,,
577,Nick Kallerup,SEA,8,TE77,,,,756,,381,568.5,,
578,Zay Jones,,,WR199,435,,,574,,469,492.7,,
579,Michael Pratt,,,QB77,383,,,,,,383,,
580,Patrick Herbert,JAC,8,TE78,,,,564,,383,473.5,,
581,Colby Parkinson,LAR,8,TE79,492,,,415,,520,475.7,,
582,Ian Book,,,QB78,,,,,,385,385,,
583,Jason Witten,,,TE80,,,,,,386,386,,
584,Brycen Tremayne,CAR,14,WR200,386,,,,,,386,,
585,Wendell Smallwood,,,RB141,,,,,,387,387,,
586,Randy Bullock,,,K53,388,,,,,,388,,
587,Konata Mumpfield,LAR,8,WR201,,,,621,,388,504.5,,
588,Cam Newton,,,QB79,,,,,,389,389,,
589,Josh Johnson,CIN,10,QB80,479,,,433,,,456,,
590,Tanner Brown,,,K54,391,,,,,,391,,
591,Mecole Hardman Jr.,BUF,7,WR202,,,,441,,472,456.5,,
592,Bryce Pierre,CAR,14,TE81,,,,883,,391,637,,
593,Jashaun Corbin,,,RB142,,,,,,392,392,,
594,Tommy Mellott,,,WR203,,,,694,,393,543.5,,
595,Giovani Bernard,,,RB143,,,,,,394,394,,
596,Cade York,NYJ,9,K55,461,,,455,,,458,,
597,Jake Funk,,,RB144,395,,,,,,395,,
598,Thomas Fidone II,NYG,14,TE82,493,,,642,,425,520,,
599,Tim Tebow,,,TE83,,,,,,397,397,,
600,John Samuel Shenker,,,TE84,398,,,,,,398,,
601,Charlie Kolar,LAC,12,TE85,413,,,507,,,460,,
602,Cedrick Wilson Jr.,,,WR204,,,,488,,432,460,,
603,Hendon Hooker,TEN,10,QB81,405,,,518,,,461.5,,
604,Zach Horton,DET,8,TE86,,,,900,,401,650.5,,
605,Luke Stocker,,,TE87,,,,,,402,402,,
606,Jared Wiley,KC,10,TE88,402,,,544,,,473,,
607,Colson Yankoff,WAS,12,TE89,403,,,780,,,591.5,,
608,Phil Mafah,DAL,10,RB145,,,,795,,404,599.5,,
609,Rob Gronkowski,,,TE90,,,,,,405,405,,
610,Robert Griffin,III,,QB82,,,,,,407,407,,
611,Joshua Cephus,,,WR205,409,,,857,,,633,,
612,Baylor Cupp,,,TE91,410,,,762,,,586,,
613,Bryce Ford-Wheaton,,,WR206,411,,,,,,411,,
614,Dillon Gabriel,CLE,9,QB83,,,,469,,464,466.5,,
615,Luke Lachey,HOU,6,TE92,412,,,,,,412,,
616,Kalel Mullings,TEN,10,RB146,,,,,,416,416,,
617,Terrace Marshall Jr.,MIA,12,WR207,,,,502,,436,469,,
618,Greg Dortch,DET,8,WR208,,,,442,,496,469,,
619,Hassan Haskins,LAC,12,RB147,,,,417,,,417,,
620,Gus Edwards,,,RB148,417,,,592,,,504.5,,
621,Kameron Johnson,TB,9,WR209,418,,,778,,,598,,
622,Ben VanSumeren,,,LB1,419,,,712,,,565.5,,
623,Cam Grandy,CIN,10,TE93,,,,767,,419,593,,
624,E.J. Jenkins,PHI,9,TE94,,,,421,,,421,,
625,Nick Mullens,JAC,8,QB84,,,,577,,421,499,,
626,Jaren Hall,,,QB85,422,,,,,,422,,
627,Hunter Luepke,DAL,10,RB149,,,,422,,,422,,
628,Ben Skowronek,PIT,5,WR210,440,,,504,,,472,,
629,Andrew Beck,NYJ,9,TE95,423,,,816,,,619.5,,
630,Ainias Smith,CAR,14,WR211,,,,426,,,426,,
631,Trey Sermon,,,RB150,,,,505,,443,474,,
632,Tyrod Taylor,,,QB86,,,,470,,479,474.5,,
633,Jonathon Brooks,CAR,14,RB151,427,,,738,,,582.5,,
634,Isaiah Neyor,GB,5,WR212,429,,,,,,429,,
635,Jamari Thrash,CLE,9,WR213,,,,740,,430,585,,
636,Jackson Hawes,BUF,7,TE96,432,,,879,,,655.5,,
637,Arian Smith,NYJ,9,WR214,448,,,722,,507,559,,
638,Ian Thomas,LV,8,TE97,469,,,487,,,478,,
639,Devin Leary,,,QB87,434,,,737,,,585.5,,
640,Julius Chestnut,TEN,10,RB152,,,,515,,442,478.5,,
641,Jamaal Williams,,,RB153,477,,,481,,,479,,
642,Robbie Ouzts,SEA,8,TE98,436,,,542,,,489,,
643,Matt Ammendola,,,K56,437,,,,,,437,,
644,Tyree Jackson,,,TE99,,,,814,,437,625.5,,
645,Nick Nash,WAS,12,WR215,438,,,,,525,481.5,,
646,Jonathan Mingo,DAL,10,WR216,491,,,516,,476,494.3,,
647,Tahj Washington,MIA,12,WR217,441,,,747,,,594,,
648,Max Duggan,,,QB88,442,,,,,,442,,
649,Brady Russell,SEA,8,TE100,443,,,713,,,578,,
650,Jacob Kibodi,,,RB154,444,,,,,,444,,
651,Tanner Hudson,CIN,10,TE101,480,,,,,486,483,,
652,Robert Tonyan,,,TE102,482,,,484,,,483,,
653,Gavin Bartholomew,MIN,6,TE103,445,,,613,,,529,,
654,Darrell Daniels,,,TE104,446,,,,,,446,,
655,Clyde Edwards-Helaire,,,RB155,,,,448,,,448,,
656,Michael Carter,TEN,10,RB156,,,,654,,449,551.5,,
657,James Robinson,,,RB157,450,,,,,,450,,
658,Rashaad Penny,,,RB158,452,,,,,,452,,
659,Dylan Laube,LV,8,RB159,454,,,,,,454,,
660,Travis Homer,PIT,5,RB160,484,,,493,,,488.5,,
661,Malik Heath,,,WR218,455,,,709,,,582,,
662,Tyler Goodson,ATL,5,RB161,,,,456,,,456,,
663,Emari Demercado,KC,10,RB162,,,,535,,457,496,,
664,Sincere McCormick,,,RB163,,,,458,,,458,,
665,Tre Watson,KC,10,TE105,,,,459,,,459,,
666,Jeremy Ruckert,NYJ,9,TE106,468,,,513,,,490.5,,
667,Dorian Thompson-Robinson,,,QB89,,,,460,,,460,,
668,Aidan O'Connell,LV,8,QB90,,,,461,,,461,,
669,Xavier Hutchinson,HOU,6,WR219,463,,,520,,,491.5,,
670,Skylar Thompson,,,QB91,472,,,511,,,491.5,,
671,Nathan Peterman,,,QB92,462,,,,,,462,,
672,Chris Evans,,,RB164,464,,,,,,464,,
673,Nathan Carter,ATL,5,RB165,465,,,,,,465,,
674,Gary Brightwell,CIN,10,RB166,466,,,822,,,644,,
675,KhaDarel Hodge,,,WR220,,,,593,,467,530,,
676,Terrell Jennings,NE,14,RB167,,,,468,,,468,,
677,Keaontay Ingram,,,RB168,471,,,,,,471,,
678,Isaiah Davis,NYJ,9,RB169,,,,547,,471,509,,
679,Cordarrelle Patterson,,,RB170,,,,472,,,472,,
680,Michael Burton,,,RB171,,,,473,,,473,,
681,Jacoby Brissett,ARI,8,QB93,,,,474,,,474,,
682,Durham Smythe,BAL,7,TE107,474,,,585,,,529.5,,
683,Melvin Gordon,III,,RB172,475,,,,,,475,,
684,Nate Sudfeld,,,QB94,,,,477,,,477,,
685,Eric Saubert,SEA,8,TE108,,,,478,,,478,,
686,Foster Moreau,HOU,6,TE109,,,,492,,508,500,,
687,Gage Larvadain,CLE,9,WR221,,,,890,,478,684,,
688,Brenden Rice,LV,8,WR222,481,,,755,,,618,,
689,Johnny Mundt,PHI,9,TE110,,,,482,,,482,,
690,Damien Harris,,,RB173,483,,,,,,483,,
691,Kendrick Bourne,ARI,8,WR223,,,,483,,530,506.5,,
692,Dare Ogunbowale,,,RB174,,,,485,,,485,,
693,Davis Allen,LAR,8,TE111,485,,,523,,,504,,
694,Trent Taylor,,,WR224,486,,,,,,486,,
695,DeAndre Carter,,,WR225,,,,569,,487,528,,
696,Shane Zylstra,,,TE112,487,,,662,,,574.5,,
697,Reggie Gilliam,NE,14,RB175,488,,,633,,,560.5,,
698,Caden Prieskorn,CLE,9,TE113,,,,490,,,490,,
699,Payne Durham,TB,9,TE114,490,,,528,,,509,,
700,Alec Ingold,LAC,12,RB176,,,,491,,,491,,
701,Trent Sherfield Sr.,BUF,7,WR226,,,,591,,494,542.5,,
702,Jakob Johnson,,,RB177,,,,495,,,495,,
703,Brayden Narveson,,,K57,495,,,,,,495,,
704,Logan Thomas,,,TE115,496,,,,,,496,,
705,Ben Sauls,NYG,14,K58,,,,497,,,497,,
706,Treylon Burks,WAS,12,WR227,497,,,668,,,582.5,,
707,Jonathan Ward,,,RB178,,,,498,,,498,,
708,Tanner Conner,NYG,14,TE116,498,,,,,,498,,
709,Chase Claypool,,,WR228,,,,499,,,499,,
710,Jordan Watkins,SF,14,WR229,,,,636,,499,567.5,,
711,Byron Pringle,,,WR230,500,,,,,,500,,
712,Tyler Johnson,,,WR231,,,,500,,526,513,,
713,Tim Jones,JAC,8,WR232,,,,501,,,501,,
714,Kimani Vidal,LAC,12,RB179,,,,549,,502,525.5,,
715,Trey Palmer,NO,11,WR233,,,,527,,506,516.5,,
716,Mitch Van Vooren,,,WR234,,,,508,,,508,,
717,Josh Whyle,GB,5,TE117,,,,519,,511,515,,
718,Drew Ogletree,IND,11,TE118,,,,509,,,509,,
719,Chimere Dike,TEN,10,WR235,,,,804,,509,656.5,,
720,Pierre Strong Jr.,GB,5,RB180,,,,512,,,512,,
721,Maddux Trujillo,BUF,7,K59,,,,514,,,514,,
722,Jalen Brooks,ARI,8,WR236,,,,517,,,517,,
723,Jalin Conyers,MIA,12,TE119,,,,,,519,519,,
724,David Bell,,,WR237,,,,833,,521,677,,
725,Ronnie Bell,NO,11,WR238,,,,526,,,526,,
726,Nate Adkins,DEN,12,TE120,,,,534,,,534,,
727,Ryan Miller,NYG,14,WR239,,,,538,,,538,,
728,Jaheim Bell,PHI,9,TE121,,,,545,,,545,,
729,Charlie Smyth,NO,11,K60,,,,546,,,546,,
730,Jacardia Wright,SEA,8,RB181,,,,548,,,548,,
731,Jacob Cowing,SF,14,WR240,,,,550,,,550,,
732,Devin Culp,TB,9,TE122,,,,551,,,551,,
733,Brevyn Spann-Ford,DAL,10,TE123,,,,552,,,552,,
734,Bryce Oliver,TEN,10,WR241,,,,553,,,553,,
735,Terique Owens,,,WR242,,,,554,,,554,,
736,Jonathan,Kim,,K61,,,,558,,,558,,
737,Case Keenum,CHI,5,QB95,,,,562,,,562,,
738,Ameer Abdullah,,,RB182,,,,565,,,565,,
739,Phillip Dorsett II,LV,8,WR243,,,,566,,,566,,
740,Silas Bolden,,,WR244,,,,567,,,567,,
741,Trevor Siemian,ATL,5,QB96,,,,568,,,568,,
742,Taylor Heinicke,,,QB97,,,,570,,,570,,
743,Chris Moore,,,WR245,,,,571,,,571,,
744,Laquon Treadwell,IND,11,WR246,,,,572,,,572,,
745,Robbie Chosen,,,WR247,,,,573,,,573,,
746,Jamal Agnew,,,WR248,,,,575,,,575,,
747,Zach Pascal,,,WR249,,,,576,,,576,,
748,Pharaoh Brown,,,TE124,,,,578,,,578,,
749,Royce Freeman,,,RB183,,,,579,,,579,,
750,Michael Gallup,,,WR250,,,,580,,,580,,
751,John Kelly Jr.,,,RB184,,,,582,,,582,,
752,Anthony Miller,,,WR251,,,,583,,,583,,
753,Dante Pettis,NO,11,WR252,,,,584,,,584,,
754,Jeff Wilson Jr.,,,RB185,,,,586,,,586,,
755,Elijhah Badger,,,WR253,,,,588,,,588,,
756,Russell Gage Jr.,,,WR254,,,,589,,,589,,
757,Tim Boyle,,,QB98,,,,590,,,590,,
758,Trayveon Williams,,,RB186,,,,596,,,596,,
759,Miles Boykin,,,WR255,,,,597,,,597,,
760,Ashton Dulin,IND,11,WR256,,,,599,,,599,,
761,Irv Smith Jr.,,,TE125,,,,600,,,600,,
762,Jimmy Holiday,KC,10,WR257,,,,601,,,601,,
763,Trenton Irwin,,,WR258,,,,602,,,602,,
764,Juwann Winfree,,,WR259,,,,603,,,603,,
765,Malik Taylor,,,WR260,,,,604,,,604,,
766,Steven Sims Jr.,,,WR261,,,,605,,,605,,
767,Elijah Young,,,RB187,,,,606,,,606,,
768,Tom Kennedy,DET,8,WR262,,,,607,,,607,,
769,Devin Duvernay,ARI,8,WR263,,,,610,,,610,,
770,Tyler Huntley,BAL,7,QB99,,,,611,,,611,,
771,Ketron Jackson Jr.,,,WR264,,,,612,,,612,,
772,Isaiah Hodgins,NYG,14,WR265,,,,614,,,614,,
773,Giovanni Ricci,,,TE126,,,,615,,,615,,
774,Scotty Washington,,,WR266,,,,616,,,616,,
775,Harrison Bryant,,,TE127,,,,617,,,617,,
776,KJ Hamler,,,WR267,,,,619,,,619,,
777,Albert Okwuegbunam Jr.,LV,8,TE128,,,,620,,,620,,
778,Ajou Ajou,,,WR268,,,,622,,,622,,
779,Laviska Shenault Jr.,,,WR269,,,,623,,,623,,
780,Cody White,SEA,8,WR270,,,,624,,,624,,
781,Roc Taylor,,,WR271,,,,625,,,625,,
782,Bryce Perkins,,,QB100,,,,626,,,626,,
783,K.J. Osborn,TEN,10,WR272,,,,627,,,627,,
784,Jalen Reagor,,,WR273,,,,628,,,628,,
785,JaMycal Hasty,,,RB188,,,,629,,,629,,
786,Charlie Woerner,ATL,5,TE129,,,,630,,,630,,
787,DeeJay Dallas,JAC,8,RB189,,,,631,,,631,,
788,DJ Uiagalelei,LAC,12,QB101,,,,634,,,634,,
789,Lawrence Cager,WAS,12,WR274,,,,635,,,635,,
790,Tarik Black,,,WR275,,,,637,,,637,,
791,Deon Jackson,,,RB190,,,,638,,,638,,
792,Kenny Yeboah,,,TE130,,,,640,,,640,,
793,Simi Fehoko,ARI,8,WR276,,,,643,,,643,,
794,Dez Fitzpatrick,,,WR277,,,,644,,,644,,
795,Davis Mills,HOU,6,QB102,,,,646,,,646,,
796,Sam Ehlinger,DEN,12,QB103,,,,647,,,647,,
797,Cornell Powell,,,WR278,,,,649,,,649,,
798,Hunter Long,JAC,8,TE131,,,,651,,,651,,
799,Zach Davidson,,,TE132,,,,652,,,652,,
800,Kene Nwangwu,NYJ,9,RB191,,,,653,,,653,,
801,Dee Eskridge,,,WR279,,,,656,,,656,,
802,Kyle Trask,,,QB104,,,,657,,,657,,
803,Winston Wright,,,WR280,,,,659,,,659,,
804,Jack Stoll,CLE,9,TE133,,,,660,,,660,,
805,Jaret Patterson,LAC,12,RB192,,,,661,,,661,,
806,Desmond Ridder,GB,5,QB105,,,,663,,,663,,
807,Velus Jones Jr.,SEA,8,WR281,,,,664,,,664,,
808,Jake Tonges,SF,14,TE134,,,,665,,,665,,
809,Michael Woods,II,,WR282,,,,666,,,666,,
810,Greg Dulcich,MIA,12,TE135,,,,667,,,667,,
811,Jelani Woods,NYJ,9,TE136,,,,669,,,669,,
812,Brittain Brown,CHI,5,RB193,,,,670,,,670,,
813,Nick Muse,,,TE137,,,,671,,,671,,
814,Bam Knight,ARI,8,RB194,,,,672,,,672,,
815,Britain Covey,PHI,9,WR283,,,,673,,,673,,
816,Tyrion Davis-Price,,,RB195,,,,674,,,674,,
817,Bo Melton,GB,5,WR284,,,,675,,,675,,
818,Dareke Young,LV,8,WR285,,,,676,,,676,,
819,Aaron Shampklin,,,RB196,,,,678,,,678,,
820,Brandon Johnson,,,WR286,,,,680,,,680,,
821,LeQuint Allen Jr.,JAC,8,RB197,,,,681,,,681,,
822,Kevin Austin Jr.,NO,11,WR287,,,,682,,,682,,
823,Graham Mertz,HOU,6,QB106,,,,683,,,683,,
824,Braylon Sanders,,,WR288,,,,684,,,684,,
825,Lucas Krull,DEN,12,TE138,,,,685,,,685,,
826,Jake Briningstool,KC,10,TE139,,,,686,,,686,,
827,Ronnie Rivers,LAR,8,RB198,,,,687,,,687,,
828,Stone Smartt,PHI,9,TE140,,,,688,,,688,,
829,Tucker Fisk,,,TE141,,,,689,,,689,,
830,Raheem Blackshear,,,RB199,,,,690,,,690,,
831,Justin Shorter,LV,8,WR289,,,,691,,,691,,
832,Ja'Quinden Jackson,JAC,8,RB200,,,,692,,,692,,
833,Key,,'Shawn Smith,,,WR290,,,,695,,,695
834,Evan Hull,NO,11,RB201,,,,697,,,697,,
835,Will Mallory,IND,11,TE142,,,,698,,,698,,
836,Zach Evans,,,RB202,,,,699,,,699,,
837,Xavier Smith,LAR,8,WR291,,,,700,,,700,,
838,Jake Haener,KC,10,QB107,,,,701,,,701,,
839,Eric Gray,NYG,14,RB203,,,,702,,,702,,
840,Max Brosmer,MIN,6,QB108,,,,703,,,703,,
841,Israel Abanikanda,DAL,10,RB204,,,,704,,,704,,
842,Brayden Willis,SF,14,TE143,,,,705,,,705,,
843,Brock Lampe,NE,14,RB205,,,,708,,,708,,
844,Zavier Scott,MIN,6,RB206,,,,710,,,710,,
845,Xavier Gipson,NYG,14,WR292,,,,711,,,711,,
846,Carlos Washington Jr.,ATL,5,RB207,,,,714,,,714,,
847,Jordan Mims,,,RB208,,,,715,,,715,,
848,Shedrick Jackson,LV,8,WR293,,,,716,,,716,,
849,Jalen Cropper,,,WR294,,,,718,,,718,,
850,Princeton Fant,DAL,10,TE144,,,,719,,,719,,
851,Brady Cook,NYJ,9,QB109,,,,720,,,720,,
852,Elijah Cooks,NO,11,WR295,,,,723,,,723,,
853,Blake Whiteheart,CLE,9,TE145,,,,724,,,724,,
854,Ben Sims,MIA,12,TE146,,,,725,,,725,,
855,Max Hurleman,PIT,5,CB1,,,,726,,,726,,
856,Malik Knowles,,,WR296,,,,727,,,727,,
857,Johnny Lumpkin,,,TE147,,,,728,,,728,,
858,JJ Galbreath,PIT,5,TE148,,,,729,,,729,,
859,ShunDerrick Powell,KC,10,RB209,,,,730,,,730,,
860,Rakim Jarrett,,,WR297,,,,732,,,732,,
861,Ben Wooldridge,,,QB110,,,,734,,,734,,
862,Jase McClellan,,,RB210,,,,735,,,735,,
863,Casey Washington,ATL,5,WR298,,,,736,,,736,,
864,Erick All Jr.,CIN,10,TE149,,,,739,,,739,,
865,Ryan Flournoy,DAL,10,WR299,,,,741,,,741,,
866,Ryan,Coe,,K62,,,,742,,,742,,
867,Jawhar Jordan,HOU,6,RB211,,,,743,,,743,,
868,Anthony Gould,IND,11,WR300,,,,744,,,744,,
869,Keilan Robinson,NYJ,9,RB212,,,,745,,,745,,
870,Javon Baker,,,WR301,,,,748,,,748,,
871,Bub Means,NO,11,WR302,,,,750,,,750,,
872,Dante Miller,NYG,14,RB213,,,,751,,,751,,
873,Malachi Corley,CLE,9,WR303,,,,752,,,752,,
874,Tip Reiman,ARI,8,TE150,,,,754,,,754,,
875,Jarveon Howard,,,RB214,,,,757,,,757,,
876,Junior Bergen,SF,14,WR304,,,,758,,,758,,
877,Emory Jones,,,QB111,,,,760,,,760,,
878,Emani Bailey,,,RB215,,,,761,,,761,,
879,JaQuae Jackson,LAC,12,WR305,,,,763,,,763,,
880,Brenden Bates,CLE,9,TE151,,,,764,,,764,,
881,Austin Reed,,,QB112,,,,765,,,765,,
882,Ian Wheeler,,,RB216,,,,766,,,766,,
883,Blake Watson,TEN,10,RB217,,,,768,,,768,,
884,Thomas Yassmin,LAC,12,TE152,,,,769,,,769,,
885,Isaiah Williams,NYJ,9,WR306,,,,770,,,770,,
886,Phil Lutz,,,WR307,,,,771,,,771,,
887,Mason Tipton,NO,11,WR308,,,,773,,,773,,
888,Xavier Weaver,ARI,8,WR309,,,,774,,,774,,
889,Jabari Small,DET,8,RB218,,,,775,,,775,,
890,Tanner Mordecai,,,QB113,,,,776,,,776,,
891,Cody Schrader,DEN,12,RB219,,,,777,,,777,,
892,Sam Hartman,WAS,12,QB114,,,,779,,,779,,
893,British Brooks,HOU,6,RB220,,,,781,,,781,,
894,Shawn Bowman,,,TE153,,,,782,,,782,,
895,Alex Hale,,,K63,,,,783,,,783,,
896,Jahmal Banks,,,WR310,,,,785,,,785,,
897,Kayron Lynch-Adams,,,RB221,,,,787,,,787,,
898,Deion Hankins,CHI,5,RB222,,,,788,,,788,,
899,Quali Conley,,,RB223,,,,790,,,790,,
900,Jamoi Mayes,,,WR311,,,,791,,,791,,
901,Ahmani Marshall,CLE,9,RB224,,,,792,,,792,,
902,Rivaldo Fairweather,ARI,8,TE154,,,,793,,,793,,
903,Traeshon Holden,DAL,10,WR312,,,,794,,,794,,
904,Courtney Jackson,NYG,14,WR313,,,,796,,,796,,
905,Jackson Meeks,DET,8,WR314,,,,798,,,798,,
906,Amar Johnson,LAC,12,RB225,,,,801,,,801,,
907,Micah Bernard,,,RB226,,,,803,,,803,,
908,Tyler Boyd,,,WR315,,,,805,,,805,,
909,Gerald Everett,,,TE155,,,,806,,,806,,
910,DJ Chark Jr.,,,WR316,,,,807,,,807,,
911,Ross Dwelley,,,TE156,,,,808,,,808,,
912,Mike Boone,,,RB227,,,,809,,,809,,
913,Keith Kirkwood,,,WR317,,,,810,,,810,,
914,Malik Turner,SF,14,WR318,,,,811,,,811,,
915,Myles Gaskin,,,RB228,,,,812,,,812,,
916,Will Grier,CAR,14,QB115,,,,813,,,813,,
917,Kelvin Harmon,,,WR319,,,,815,,,815,,
918,Andy Isabella,,,WR320,,,,817,,,817,,
919,Brett Rypien,,,QB116,,,,818,,,818,,
920,David Sills V,TB,9,WR321,,,,819,,,819,,
921,Ihmir Smith-Marsette,ARI,8,WR322,,,,820,,,820,,
922,Kawaan Baker,,,WR323,,,,821,,,821,,
923,Tre,,' McKitty,,,TE157,,,,824,,,824
924,Quintin Morris,JAC,8,TE158,,,,825,,,825,,
925,Feleipe Franks,CAR,14,QB117,,,,826,,,826,,
926,Brandon Smith,PIT,5,WR324,,,,827,,,827,,
927,Adam Prentice,DEN,12,RB229,,,,828,,,828,,
928,Shane Buechele,BUF,7,QB118,,,,829,,,829,,
929,Michael Bandy,DEN,12,WR325,,,,830,,,830,,
930,Sal Cannella,CLE,9,TE159,,,,831,,,831,,
931,Michael Jacobson,,,TE160,,,,832,,,832,,
932,James Mitchell,CAR,14,TE161,,,,834,,,834,,
933,Samori Toure,NO,11,WR326,,,,835,,,835,,
934,Teagan Quitoriano,ARI,8,TE162,,,,836,,,836,,
935,Lance McCutcheon,TEN,10,WR327,,,,837,,,837,,
936,Erik Ezukanma,,,WR328,,,,838,,,838,,
937,Kevin Harris,,,RB230,,,,839,,,839,,
938,Bailey Zappe,NYJ,9,QB119,,,,840,,,840,,
939,Irvin Charles,NYJ,9,WR329,,,,841,,,841,,
940,Chris Oladokun,KC,10,QB120,,,,842,,,842,,
941,Danny Gray,PHI,9,WR330,,,,843,,,843,,
942,Ko Kieft,TB,9,TE163,,,,844,,,844,,
943,Justyn Ross,,,WR331,,,,845,,,845,,
944,Kendric Pryor,CIN,10,WR332,,,,846,,,846,,
945,Zaire Mitchell-Paden,NO,11,TE164,,,,847,,,847,,
946,Malik Davis,DAL,10,RB231,,,,848,,,848,,
947,Dennis Houston,TB,9,WR333,,,,849,,,849,,
948,Julian Hicks,,,WR334,,,,850,,,850,,
949,Xavier Johnson,CIN,10,WR335,,,,851,,,851,,
950,Jack Plummer,,,QB121,,,,852,,,852,,
951,Cole Burgess,PIT,5,WR336,,,,853,,,853,,
952,Treyton Welch,NO,11,TE165,,,,854,,,854,,
953,Jason Bean,,,QB122,,,,855,,,855,,
954,Kedon Slovis,ARI,8,QB123,,,,856,,,856,,
955,Jeshaun Jones,MIN,6,WR337,,,,858,,,858,,
956,Dallin Holker,,,TE166,,,,859,,,859,,
957,David Martin-Robinson,TEN,10,TE167,,,,860,,,860,,
958,Steven Stilianos,,,TE168,,,,861,,,861,,
959,John Jiles,NE,14,WR338,,,,862,,,862,,
960,John Rhys Plumlee,PIT,5,QB124,,,,863,,,863,,
961,Mason Pline,NO,11,TE169,,,,864,,,864,,
962,D.J. Williams,,,RB232,,,,865,,,865,,
963,Michael Wiley,TB,9,RB233,,,,866,,,866,,
964,Neal Johnson,,,TE170,,,,867,,,867,,
965,Drake Stoops,,,WR339,,,,868,,,868,,
966,Hayden Rucci,SF,14,TE171,,,,869,,,869,,
967,Jaelen Gill,,,WR340,,,,870,,,870,,
968,Kevin Foelsch,,,TE172,,,,871,,,871,,
969,Geor,,'Quarius Spivey,,,TE173,,,,872,,,872
970,Joshua Simon,ATL,5,TE174,,,,873,,,873,,
971,Xavier Guillory,BAL,7,WR341,,,,874,,,874,,
972,Lucas Scott,BAL,7,RB234,,,,876,,,876,,
973,Kelly Akharaiyi,,,WR342,,,,877,,,877,,
974,Stephen Gosnell,BUF,7,WR343,,,,878,,,878,,
975,Keleki Latu,BUF,7,TE175,,,,880,,,880,,
976,Hal Presley III,TEN,10,WR344,,,,881,,,881,,
977,Jacolby George,,,WR345,,,,882,,,882,,
978,JP Richardson,CHI,5,WR346,,,,884,,,884,,
979,Rashod Owens,,,WR347,,,,886,,,886,,
980,Payton Thorne,,,QB125,,,,888,,,888,,
981,Luke Floriea,CLE,9,WR348,,,,889,,,889,,
982,Cade McDonald,,,WR349,,,,891,,,891,,
983,Ja'seem Reed,CAR,14,WR350,,,,892,,,892,,
984,Josh Kelly,HOU,6,WR351,,,,893,,,893,,
985,Tyler Neville,,,TE176,,,,894,,,894,,
986,Joaquin Davis,MIN,6,WR352,,,,895,,,895,,
987,Jerjuan Newton,,,WR353,,,,897,,,897,,
988,Kyrese Rowan,,,WR354,,,,898,,,898,,
